locality_code,name_he_k23_k25_csv,name_he_k21_k22_csv,segment,cec_committee_k25
472,אבו גוש,אבו גוש,JERUSALEM_AREA_ARAB,2
473,אבו סנאן,אבו סנאן,MIXED_DRUZE_MUSLIM_CHRISTIAN_TOWN,6
475,דחי,דחי,GALILEE_HAIFA_OTHER_ARAB,5
478,אכסאל,אכסאל,GALILEE_HAIFA_OTHER_ARAB,5
480,בית גן,בית ג'ן,DRUZE_GALILEE_CARMEL,20
481,מגאר,מגאר,MIXED_DRUZE_MUSLIM_CHRISTIAN_TOWN,4
482,בועיינהנוגידאת,בועיינה-נוג'ידאת,NORTH_BEDOUIN,5
483,בענה,בענה,GALILEE_HAIFA_OTHER_ARAB,20
485,גולס,ג'ולס,DRUZE_GALILEE_CARMEL,6
487,גש גוש חלב,ג'ש (גוש חלב),CHRISTIAN_MAJORITY_OR_PLURALITY,3
489,דבוריה,דבוריה,GALILEE_HAIFA_OTHER_ARAB,5
490,דייר אלאסד,דייר אל-אסד,GALILEE_HAIFA_OTHER_ARAB,20
492,דייר חנא,דייר חנא,GALILEE_HAIFA_OTHER_ARAB,20
494,דאלית אלכרמל,דאלית אל-כרמל,DRUZE_GALILEE_CARMEL,8
496,חורפיש,חורפיש,DRUZE_GALILEE_CARMEL,6
497,טייבה בעמק,טייבה (בעמק),GALILEE_HAIFA_OTHER_ARAB,5
498,טורעאן,טורעאן,GALILEE_HAIFA_OTHER_ARAB,5
499,יפיע,יפיע,GALILEE_HAIFA_OTHER_ARAB,5
502,ירכא,ירכא,DRUZE_GALILEE_CARMEL,6
504,כאבול,כאבול,GALILEE_HAIFA_OTHER_ARAB,20
505,כאוכב אבו אלהיגא,כאוכב אבו אל-היג'א,GALILEE_HAIFA_OTHER_ARAB,20
507,כפר יאסיף,כפר יאסיף,CHRISTIAN_MAJORITY_OR_PLURALITY,6
509,כפר כנא,כפר כנא,GALILEE_HAIFA_OTHER_ARAB,5
510,כפר מנדא,כפר מנדא,GALILEE_HAIFA_OTHER_ARAB,20
511,עילוט,עילוט,GALILEE_HAIFA_OTHER_ARAB,5
512,כפר מצר,כפר מצר,GALILEE_HAIFA_OTHER_ARAB,5
514,עין ראפה,עין ראפה,JERUSALEM_AREA_ARAB,2
516,מגד אלכרום,מג'ד אל-כרום,GALILEE_HAIFA_OTHER_ARAB,20
517,מזרעה,מזרעה,GALILEE_HAIFA_OTHER_ARAB,6
518,מעיליא,מעיליא,CHRISTIAN_MAJORITY_OR_PLURALITY,6
520,משהד,משהד,GALILEE_HAIFA_OTHER_ARAB,5
521,עין נקובא,עין נקובא,JERUSALEM_AREA_ARAB,2
522,נחף,נחף,GALILEE_HAIFA_OTHER_ARAB,20
523,ניין,ניין,GALILEE_HAIFA_OTHER_ARAB,5
524,נאעורה,נאעורה,GALILEE_HAIFA_OTHER_ARAB,5
525,סאגור,סאג'ור,DRUZE_GALILEE_CARMEL,20
526,סולם,סולם,GALILEE_HAIFA_OTHER_ARAB,5
528,עוזייר,עוזייר,GALILEE_HAIFA_OTHER_ARAB,5
529,אעבלין,אעבלין,GALILEE_HAIFA_OTHER_ARAB,20
530,עיילבון,עיילבון,CHRISTIAN_MAJORITY_OR_PLURALITY,4
531,עראבה,עראבה,GALILEE_HAIFA_OTHER_ARAB,20
532,עין מאהל,עין מאהל,GALILEE_HAIFA_OTHER_ARAB,5
534,עספיא,עספיא,DRUZE_GALILEE_CARMEL,8
535,פסוטה,פסוטה,CHRISTIAN_MAJORITY_OR_PLURALITY,6
536,פקיעין בוקייעה,פקיעין (בוקייעה),DRUZE_GALILEE_CARMEL,6
537,פוריידיס,פוריידיס,GALILEE_HAIFA_OTHER_ARAB,9
538,שעב,שעב,GALILEE_HAIFA_OTHER_ARAB,20
539,רומאנה,רומאנה,GALILEE_HAIFA_OTHER_ARAB,5
541,גסר אזרקא,ג'סר א-זרקא,GALILEE_HAIFA_OTHER_ARAB,9
542,ריינה,ריינה,GALILEE_HAIFA_OTHER_ARAB,5
543,ראמה,ראמה,CHRISTIAN_MAJORITY_OR_PLURALITY,20
546,עין אלאסד,עין אל-אסד,DRUZE_GALILEE_CARMEL,20
547,טמרה יזרעאל,טמרה (יזרעאל),GALILEE_HAIFA_OTHER_ARAB,5
627,גלגוליה,ג'לג'וליה,TRIANGLE_SOUTH,19
628,גת,ג'ת,TRIANGLE_NORTH_WADI_ARA,9
633,כפר ברא,כפר ברא,TRIANGLE_SOUTH,19
634,כפר קאסם,כפר קאסם,TRIANGLE_SOUTH,19
635,מוקייבלה,מוקייבלה,GALILEE_HAIFA_OTHER_ARAB,5
636,צנדלה,צנדלה,GALILEE_HAIFA_OTHER_ARAB,5
637,ערערה,ערערה,TRIANGLE_NORTH_WADI_ARA,9
638,קלנסווה,קלנסווה,TRIANGLE_SOUTH,10
649,מייסר,מייסר,TRIANGLE_NORTH_WADI_ARA,9
652,אבטין,אבטין,GALILEE_HAIFA_OTHER_ARAB,8
654,כפר קרע,כפר קרע,TRIANGLE_NORTH_WADI_ARA,9
658,שייח דנון,שייח' דנון,GALILEE_HAIFA_OTHER_ARAB,6
913,שבלי  אום אלגנם,שבלי - אום אל-גנם,NORTH_BEDOUIN,5
939,מסעודין אלעזאזמה,מסעודין אל-עזאזמה,NEGEV_BEDOUIN,18
942,סואעד חמרייה,סואעד (חמרייה),NORTH_BEDOUIN,20
944,בסמת טבעון,בסמת טבעון,NORTH_BEDOUIN,5
956,הוזייל שבט,הוזייל (שבט),NEGEV_BEDOUIN,18
957,עוקבי בנו עוקבה,עוקבי (בנו עוקבה),NEGEV_BEDOUIN,18
958,אבו עבדון שבט,אבו עבדון (שבט),NEGEV_BEDOUIN,18
960,אסד שבט,אסד (שבט),NEGEV_BEDOUIN,18
961,אבו רוקייק שבט,אבו רוקייק (שבט),NEGEV_BEDOUIN,18
962,טובאזנגריה,טובא-זנגריה,NORTH_BEDOUIN,3
963,אעצם שבט,אעצם (שבט),NEGEV_BEDOUIN,18
964,קודייראת אצאנעשבט,קודייראת א-צאנע(שבט),NEGEV_BEDOUIN,18
965,אטרש שבט,אטרש (שבט),NEGEV_BEDOUIN,18
966,אבו רובייעה שבט,אבו רובייעה (שבט),NEGEV_BEDOUIN,18
967,אבו גווייעד שבט,אבו ג'ווייעד (שבט),NEGEV_BEDOUIN,18
968,אבו קורינאת שבט,אבו קורינאת (שבט),NEGEV_BEDOUIN,18
969,עטאוונה שבט,עטאוונה (שבט),NEGEV_BEDOUIN,18
970,תראבין אצאנע שבט,תראבין א-צאנע (שבט),NEGEV_BEDOUIN,18
972,קוואעין שבט,קוואעין (שבט),NEGEV_BEDOUIN,18
975,זרזיר,זרזיר,NORTH_BEDOUIN,5
976,גנאביב שבט,ג'נאביב (שבט),NEGEV_BEDOUIN,18
978,כעביהטבאשחגאגרה,כעביה-טבאש-חג'אג'רה,NORTH_BEDOUIN,5
990,ראס עלי,ראס עלי,NORTH_BEDOUIN,8
993,חמאם,חמאם,NORTH_BEDOUIN,4
994,מנשית זבדה,מנשית זבדה,NORTH_BEDOUIN,5
997,רומת הייב,רומת הייב,NORTH_BEDOUIN,5
998,ביר אלמכסור,ביר אל-מכסור,NORTH_BEDOUIN,20
1041,נצאצרה שבט,נצאצרה (שבט),NEGEV_BEDOUIN,18
1054,תל שבע,תל שבע,NEGEV_BEDOUIN,18
1059,כסיפה,כסיפה,NEGEV_BEDOUIN,18
1060,לקיה,לקיה,NEGEV_BEDOUIN,18
1161,רהט,רהט,NEGEV_BEDOUIN,18
1169,הוואשלה שבט,הוואשלה (שבט),NEGEV_BEDOUIN,18
1170,סייד שבט,סייד (שבט),NEGEV_BEDOUIN,18
1192,ערערהבנגב,ערערה-בנגב,NEGEV_BEDOUIN,18
1234,קבועה שבט,קבועה (שבט),NEGEV_BEDOUIN,18
1245,סלמה,סלמה,NORTH_BEDOUIN,20
1246,עראמשה,עראמשה,NORTH_BEDOUIN,6
1286,שגבשלום,שגב-שלום,NEGEV_BEDOUIN,18
1290,זמר,זמר,TRIANGLE_NORTH_WADI_ARA,10
1292,גדיידהמכר,ג'דיידה-מכר,GALILEE_HAIFA_OTHER_ARAB,6
1295,יאנוחגת,יאנוח-ג'ת,DRUZE_GALILEE_CARMEL,6
1296,כסראסמיע,כסרא-סמיע,DRUZE_GALILEE_CARMEL,6
1303,חורה,חורה,NEGEV_BEDOUIN,18
1316,אלעריאן,אל-עריאן,GALILEE_HAIFA_OTHER_ARAB,9
1317,דמיידה,דמיידה,NORTH_BEDOUIN,20
1320,עין חוד,עין חוד,GALILEE_HAIFA_OTHER_ARAB,9
1321,חואלד,ח'ואלד,NORTH_BEDOUIN,8
1326,בסמה,"בסמ""ה",TRIANGLE_NORTH_WADI_ARA,9
1327,מעלה עירון,מעלה עירון,TRIANGLE_NORTH_WADI_ARA,9
1331,כמאנה,כמאנה,NORTH_BEDOUIN,20
1332,חוסנייה,חוסנייה,NORTH_BEDOUIN,20
1334,ראס אלעין,ראס אל-עין,NORTH_BEDOUIN,20
1335,ערב אל נעים,ערב אל נעים,NORTH_BEDOUIN,20
1342,אבו קרינאת יישוב,אבו קרינאת (יישוב),NEGEV_BEDOUIN,18
1343,מכחול,מכחול,NEGEV_BEDOUIN,18
1346,תראבין אצאנעישוב,תראבין א-צאנע(ישוב),NEGEV_BEDOUIN,18
1347,קצר אסר,קצר א-סר,NEGEV_BEDOUIN,18
1348,ביר הדאג,ביר הדאג',NEGEV_BEDOUIN,18
1349,דריגאת,דריג'את,NEGEV_BEDOUIN,18
1358,אום בטין,אום בטין,NEGEV_BEDOUIN,18
1359,אל סייד,אל סייד,NEGEV_BEDOUIN,18
1360,סעוה,סעוה,NEGEV_BEDOUIN,18
1367,כחלה,כחלה,NEGEV_BEDOUIN,18
1375,אבו תלול,אבו תלול,NEGEV_BEDOUIN,18
2024,אום אלקוטוף,אום אל-קוטוף,TRIANGLE_NORTH_WADI_ARA,9
2710,אום אלפחם,אום אל-פחם,TRIANGLE_NORTH_WADI_ARA,9
2720,טירה,טירה,TRIANGLE_SOUTH,10
2730,טייבה,טייבה,TRIANGLE_SOUTH,10
4001,בוקעאתא,בוקעאתא,DRUZE_GOLAN,3
4201,מגדל שמס,מג'דל שמס,DRUZE_GOLAN,3
4203,מסעדה,מסעדה,DRUZE_GOLAN,3
4501,עגר,ע'ג'ר,ALAWITE_GHAJAR,3
4502,עין קנייא,עין קנייא,DRUZE_GOLAN,3
6000,באקה אלגרביה,באקה אל-גרביה,TRIANGLE_NORTH_WADI_ARA,9
7300,נצרת,נצרת,NAZARETH,5
7500,סחנין,סח'נין,GALILEE_HAIFA_OTHER_ARAB,20
8800,שפרעם,שפרעם,MIXED_DRUZE_MUSLIM_CHRISTIAN_TOWN,20
8900,טמרה,טמרה,GALILEE_HAIFA_OTHER_ARAB,20
4000,חיפה,חיפה,MIXED_CITY,7
5000,תל אביב  יפו,תל אביב - יפו,MIXED_CITY,14
7000,לוד,לוד,MIXED_CITY,12
8500,רמלה,רמלה,MIXED_CITY,12
7600,עכו,עכו,MIXED_CITY,6
1063,מעלותתרשיחא,מעלות-תרשיחא,MIXED_CITY,6
1061,נוף הגליל,נצרת עילית,MIXED_CITY,5
3000,ירושלים,ירושלים,MIXED_CITY,1
1259,נווה שלום,נווה שלום,MIXED_SMALL_COMMUNITY_EXCLUDED,2
540,ריחאניה,ריחאניה,CIRCASSIAN_EXCLUDED,3
508,כפר כמא,כפר כמא,CIRCASSIAN_EXCLUDED,4
